"RK",TIERS,"PLAYER NAME",TEAM,"POS","BYE WEEK","SOS SEASON","ECR VS. ADP"
"1",1,"Christian McCaffrey",SF,"RB1","9","4 out of 5 stars","+1"
"2",1,"Austin Ekeler",LAC,"RB2","5","3 out of 5 stars","+2"
"3",1,"Nick Chubb",CLE,"RB3","5","3 out of 5 stars","+12"
"4",1,"Jonathan Taylor",IND,"RB4","11","3 out of 5 stars","+6"
"5",1,"Bijan Robinson",ATL,"RB5","11","4 out of 5 stars","+4"
"6",2,"Derrick Henry",TEN,"RB6","7","4 out of 5 stars","+14"
"7",2,"Saquon Barkley",NYG,"RB7","13","2 out of 5 stars","+1"
"8",2,"Josh Jacobs",LV,"RB8","13","3 out of 5 stars","+11"
"9",2,"Tony Pollard",DAL,"RB9","7","3 out of 5 stars","+13"
"10",2,"Justin Jefferson",MIN,"WR1","13","3 out of 5 stars","-9"
"11",2,"Travis Kelce",KC,"TE1","10","4 out of 5 stars","-6"
"12",2,"Ja'Marr Chase",CIN,"WR2","7","4 out of 5 stars","-9"
"13",3,"Cooper Kupp",LAR,"WR3","10","3 out of 5 stars","-7"
"14",3,"Tyreek Hill",MIA,"WR4","10","3 out of 5 stars","-7"
"15",3,"Breece Hall",NYJ,"RB10","7","3 out of 5 stars","+14"
"16",3,"Mark Andrews",BAL,"TE2","13","4 out of 5 stars","+18"
"17",3,"Stefon Diggs",BUF,"WR5","13","2 out of 5 stars","-6"
"18",3,"Rhamondre Stevenson",NE,"RB11","11","2 out of 5 stars","+7"
"19",3,"A.J. Brown",PHI,"WR6","10","3 out of 5 stars","-6"
"20",3,"CeeDee Lamb",DAL,"WR7","7","2 out of 5 stars","-8"
"21",3,"Najee Harris",PIT,"RB12","6","3 out of 5 stars","+5"
"22",3,"Davante Adams",LV,"WR8","13","2 out of 5 stars","-8"
"23",4,"Travis Etienne Jr.",JAX,"RB13","9","2 out of 5 stars","+9"
"24",4,"Amon-Ra St. Brown",DET,"WR9","9","3 out of 5 stars","-6"
"25",4,"Garrett Wilson",NYJ,"WR10","7","3 out of 5 stars","-4"
"26",4,"Jaylen Waddle",MIA,"WR11","10","3 out of 5 stars","-2"
"27",4,"Joe Mixon",CIN,"RB14","7","3 out of 5 stars","+18"
"28",4,"Kenneth Walker III",SEA,"RB15","5","2 out of 5 stars","+5"
"29",4,"Aaron Jones",GB,"RB16","6","4 out of 5 stars","+14"
"30",4,"Tee Higgins",CIN,"WR12","7","4 out of 5 stars","-2"
"31",4,"Chris Olave",NO,"WR13","11","4 out of 5 stars","0"
"32",5,"T.J. Hockenson",MIN,"TE3","13","3 out of 5 stars","+8"
"33",5,"J.K. Dobbins",BAL,"RB17","13","3 out of 5 stars","+18"
"34",5,"Amari Cooper",CLE,"WR14","5","3 out of 5 stars","+5"
"35",5,"DeVonta Smith",PHI,"WR15","10","3 out of 5 stars","-8"
"36",5,"Deebo Samuel",SF,"WR16","9","3 out of 5 stars","0"
"37",5,"Miles Sanders",CAR,"RB18","7","4 out of 5 stars","+16"
"38",5,"DK Metcalf",SEA,"WR17","5","3 out of 5 stars","-3"
"39",5,"Patrick Mahomes II",KC,"QB1","10","3 out of 5 stars","-22"
"40",5,"Jahmyr Gibbs",DET,"RB19","9","5 out of 5 stars","-3"
"41",5,"Josh Allen",BUF,"QB2","13","3 out of 5 stars","-25"
"42",5,"Cam Akers",LAR,"RB20","10","3 out of 5 stars","+14"
"43",5,"Jalen Hurts",PHI,"QB3","10","3 out of 5 stars","-20"
"44",5,"George Kittle",SF,"TE4","9","3 out of 5 stars","+11"
"45",5,"DJ Moore",CHI,"WR18","13","3 out of 5 stars","+7"
"46",5,"Calvin Ridley",JAX,"WR19","9","4 out of 5 stars","+4"
"47",5,"Keenan Allen",LAC,"WR20","5","3 out of 5 stars","-5"
"48",6,"Jerry Jeudy",DEN,"WR21","9","2 out of 5 stars","+9"
"49",6,"Terry McLaurin",WAS,"WR22","14","3 out of 5 stars","-1"
"50",6,"Christian Watson",GB,"WR23","6","3 out of 5 stars","+12"
"51",6,"Dameon Pierce",HOU,"RB21","7","3 out of 5 stars","-4"
"52",6,"Kyle Pitts",ATL,"TE5","11","3 out of 5 stars","+14"
"53",6,"Alexander Mattison",MIN,"RB22","13","5 out of 5 stars","+26"
"54",6,"James Conner",ARI,"RB23","14","3 out of 5 stars","+13"
"55",6,"Drake London",ATL,"WR24","11","4 out of 5 stars","+6"
"56",6,"Lamar Jackson",BAL,"QB4","13","3 out of 5 stars","-18"
"57",6,"Joe Burrow",CIN,"QB5","7","3 out of 5 stars","-27"
"58",6,"Brandon Aiyuk",SF,"WR25","9","3 out of 5 stars","+16"
"59",6,"Mike Williams",LAC,"WR26","5","3 out of 5 stars","+4"
"60",6,"Dallas Goedert",PHI,"TE6","10","2 out of 5 stars","+8"
"61",6,"Tyler Lockett",SEA,"WR27","5","3 out of 5 stars","+8"
"62",6,"Isiah Pacheco",KC,"RB24","10","4 out of 5 stars","+11"
"63",6,"Darren Waller",NYG,"TE7","13","1 out of 5 stars","+12"
"64",6,"Christian Kirk",JAX,"WR28","9","4 out of 5 stars","+1"
"65",6,"Justin Fields",CHI,"QB6","13","5 out of 5 stars","-21"
"66",6,"David Montgomery",DET,"RB25","9","5 out of 5 stars","+10"
"67",6,"Chris Godwin",TB,"WR29","5","4 out of 5 stars","-7"
"68",6,"Mike Evans",TB,"WR30","5","4 out of 5 stars","+2"
"69",6,"Justin Herbert",LAC,"QB7","5","3 out of 5 stars","-28"
"70",7,"Rachaad White",TB,"RB26","5","3 out of 5 stars","-6"
"71",7,"D'Andre Swift",PHI,"RB27","10","1 out of 5 stars","-12"
"72",7,"Michael Pittman Jr.",IND,"WR31","11","4 out of 5 stars","-14"
"73",7,"DeAndre Hopkins",TEN,"WR32","7","3 out of 5 stars","-24"
"74",7,"Trevor Lawrence",JAX,"QB8","9","3 out of 5 stars","-20"
"75",7,"Marquise Brown",ARI,"WR33","14","3 out of 5 stars","+7"
"76",7,"Diontae Johnson",PIT,"WR34","6","3 out of 5 stars","-5"
"77",7,"Jahan Dotson",WAS,"WR35","14","3 out of 5 stars","+17"
"78",7,"Treylon Burks",TEN,"WR36","7","3 out of 5 stars","+5"
"79",7,"Javonte Williams",DEN,"RB28","9","4 out of 5 stars","-2"
"80",7,"Dalvin Cook",FA,"RB29","-","-","-34"
"81",7,"George Pickens",PIT,"WR37","6","3 out of 5 stars","-1"
"82",7,"Brian Robinson Jr.",WAS,"RB30","14","3 out of 5 stars","+11"
"83",7,"Alvin Kamara",NO,"RB31","11","4 out of 5 stars","+4"
"84",7,"Jordan Addison",MIN,"WR38","13","3 out of 5 stars","+8"
"85",7,"Pat Freiermuth",PIT,"TE8","6","4 out of 5 stars","+11"
"86",7,"Jaxon Smith-Njigba",SEA,"WR39","5","3 out of 5 stars","+2"
"87",7,"James Cook",BUF,"RB32","13","2 out of 5 stars","-6"
"88",7,"Deshaun Watson",CLE,"QB9","5","2 out of 5 stars","-16"
"89",8,"AJ Dillon",GB,"RB33","6","4 out of 5 stars","-5"
"90",8,"Gabe Davis",BUF,"WR40","13","2 out of 5 stars","+7"
"91",8,"Khalil Herbert",CHI,"RB34","13","5 out of 5 stars","+12"
"92",8,"Kadarius Toney",KC,"WR41","10","2 out of 5 stars","-3"
"93",8,"Dak Prescott",DAL,"QB10","7","2 out of 5 stars","-15"
"94",8,"Evan Engram",JAX,"TE9","9","2 out of 5 stars","-3"
"95",8,"David Njoku",CLE,"TE10","5","3 out of 5 stars","+11"
"96",8,"Rashaad Penny",PHI,"RB35","10","1 out of 5 stars","+14"
"97",8,"Brandin Cooks",DAL,"WR42","7","2 out of 5 stars","+1"
"98",8,"Tua Tagovailoa",MIA,"QB11","10","2 out of 5 stars","-8"
"99",8,"Rashod Bateman",BAL,"WR43","13","3 out of 5 stars","+18"
"100",8,"Quentin Johnston",LAC,"WR44","5","3 out of 5 stars","+18"
"101",8,"Courtland Sutton",DEN,"WR45","9","2 out of 5 stars","-6"
"102",8,"Daniel Jones",NYG,"QB12","13","1 out of 5 stars","-17"
"103",8,"Jamaal Williams",NO,"RB36","11","4 out of 5 stars","-4"
"104",8,"Antonio Gibson",WAS,"RB37","14","3 out of 5 stars","-3"
"105",8,"Kirk Cousins",MIN,"QB13","13","4 out of 5 stars","-19"
"106",8,"Damien Harris",BUF,"RB38","13","2 out of 5 stars","+9"
"107",8,"Geno Smith",SEA,"QB14","5","2 out of 5 stars","-3"
"108",8,"Samaje Perine",DEN,"RB39","9","4 out of 5 stars","-3"
"109",8,"Chigoziem Okonkwo",TEN,"TE11","7","3 out of 5 stars","+11"
"110",8,"Aaron Rodgers",NYJ,"QB15","7","2 out of 5 stars","-8"
"111",8,"Dalton Schultz",HOU,"TE12","7","3 out of 5 stars","+5"
"112",8,"Elijah Moore",CLE,"WR46","5","3 out of 5 stars","+7"
"113",8,"Elijah Mitchell",SF,"RB40","9","4 out of 5 stars","+10"
"114",8,"JuJu Smith-Schuster",NE,"WR47","11","2 out of 5 stars","-6"
"115",8,"Jared Goff",DET,"QB16","9","4 out of 5 stars","-15"
"116",8,"Jameson Williams",DET,"WR48","9","3 out of 5 stars","-3"
"117",8,"Russell Wilson",DEN,"QB17","9","4 out of 5 stars","-8"
"118",8,"Jakobi Meyers",LV,"WR49","13","2 out of 5 stars","+16"
"119",9,"Greg Dulcich",DEN,"TE13","9","4 out of 5 stars","+12"
"120",9,"Michael Thomas",NO,"WR50","11","4 out of 5 stars","-8"
"121",9,"Tyler Allgeier",ATL,"RB41","11","4 out of 5 stars","+3"
"122",9,"Zach Charbonnet",SEA,"RB42","5","2 out of 5 stars","-15"
"123",9,"Cole Kmet",CHI,"TE14","13","4 out of 5 stars","+2"
"124",9,"Jeff Wilson Jr.",MIA,"RB43","10","1 out of 5 stars","+43"
"125",9,"Zay Flowers",BAL,"WR51","13","3 out of 5 stars","+5"
"126",9,"Anthony Richardson",IND,"QB18","11","4 out of 5 stars","-12"
"127",9,"Allen Lazard",NYJ,"WR52","7","3 out of 5 stars","0"
"128",9,"D'Onta Foreman",CHI,"RB44","13","5 out of 5 stars","+1"
"129",9,"Nico Collins",HOU,"WR53","7","4 out of 5 stars","+22"
"130",9,"Jerick McKinnon",KC,"RB45","10","4 out of 5 stars","-4"
"131",9,"Darnell Mooney",CHI,"WR54","13","3 out of 5 stars","+6"
"132",9,"Raheem Mostert",MIA,"RB46","10","1 out of 5 stars","+18"
"133",9,"Devin Singletary",HOU,"RB47","7","3 out of 5 stars","+13"
"134",9,"Matthew Stafford",LAR,"QB19","10","2 out of 5 stars","-6"
"135",9,"Gerald Everett",LAC,"TE15","5","4 out of 5 stars","+26"
"136",9,"Tyler Higbee",LAR,"TE16","10","2 out of 5 stars","-3"
"137",9,"Derek Carr",NO,"QB20","11","5 out of 5 stars","-15"
"138",9,"De'Von Achane",MIA,"RB48","10","1 out of 5 stars","-27"
"139",9,"Juwan Johnson",NO,"TE17","11","5 out of 5 stars","+2"
"140",9,"Tyler Boyd",CIN,"WR55","7","4 out of 5 stars","0"
"141",9,"DJ Chark Jr.",CAR,"WR56","7","4 out of 5 stars","+51"
"142",9,"Taysom Hill",NO,"TE18","11","5 out of 5 stars","+92"
"143",9,"Dawson Knox",BUF,"TE19","13","3 out of 5 stars","+23"
"144",9,"Jaylen Warren",PIT,"RB49","6","3 out of 5 stars","+21"
"145",10,"Jordan Love",GB,"QB21","6","5 out of 5 stars","-9"
"146",10,"San Francisco 49ers",SF,"DST1","9","1 out of 5 stars","+3"
"147",10,"Odell Beckham Jr.",BAL,"WR57","13","3 out of 5 stars","-26"
"148",10,"Kenny Pickett",PIT,"QB22","6","2 out of 5 stars","-1"
"149",10,"Rondale Moore",ARI,"WR58","14","3 out of 5 stars","-1"
"150",10,"Mike Gesicki",NE,"TE20","11","2 out of 5 stars","+20"
"151",10,"Donovan Peoples-Jones",CLE,"WR59","5","3 out of 5 stars","-6"
"152",10,"Adam Thielen",CAR,"WR60","7","4 out of 5 stars","-20"
"153",10,"Zay Jones",JAX,"WR61","9","4 out of 5 stars","0"
"154",10,"Skyy Moore",KC,"WR62","10","2 out of 5 stars","-11"
"155",10,"Kenneth Gainwell",PHI,"RB50","10","1 out of 5 stars","+3"
"156",10,"Kendre Miller",NO,"RB51","11","4 out of 5 stars","-18"
"157",10,"Michael Gallup",DAL,"WR63","7","2 out of 5 stars","+27"
"158",10,"Gus Edwards",BAL,"RB52","13","3 out of 5 stars","+45"
"159",10,"Dallas Cowboys",DAL,"DST2","7","2 out of 5 stars","+4"
"160",10,"Buffalo Bills",BUF,"DST3","13","1 out of 5 stars","+16"
"161",10,"Bryce Young",CAR,"QB23","7","4 out of 5 stars","-9"
"162",10,"Chuba Hubbard",CAR,"RB53","7","4 out of 5 stars","+15"
"163",10,"Philadelphia Eagles",PHI,"DST4","10","2 out of 5 stars","-9"
"164",10,"Dalton Kincaid",BUF,"TE21","13","3 out of 5 stars","-29"
"165",10,"Kyler Murray",ARI,"QB24","14","2 out of 5 stars","-21"
"166",10,"Rashid Shaheed",NO,"WR64","11","4 out of 5 stars","+15"
"167",10,"New England Patriots",NE,"DST5","11","2 out of 5 stars","+2"
"168",10,"Romeo Doubs",GB,"WR65","6","3 out of 5 stars","-11"
"169",10,"Ezekiel Elliott",FA,"RB54","-","-","-30"
"170",10,"Justin Tucker",BAL,"K1","13","5 out of 5 stars","-"
"171",10,"Tank Bigsby",JAX,"RB55","9","2 out of 5 stars","-9"
"172",10,"Clyde Edwards-Helaire",KC,"RB56","10","4 out of 5 stars","+29"
"173",10,"Roschon Johnson",CHI,"RB57","13","5 out of 5 stars","-13"
"174",10,"Denver Broncos",DEN,"DST6","9","2 out of 5 stars","+46"
"175",10,"New York Jets",NYJ,"DST7","7","2 out of 5 stars","+18"
"176",10,"Baltimore Ravens",BAL,"DST8","13","3 out of 5 stars","+14"
"177",10,"Cordarrelle Patterson",ATL,"RB58","11","4 out of 5 stars","+10"
"178",10,"Irv Smith Jr.",CIN,"TE22","7","4 out of 5 stars","-19"
"179",10,"Jerome Ford",CLE,"RB59","5","3 out of 5 stars","+7"
"180",10,"Tyler Bass",BUF,"K2","13","4 out of 5 stars","-"
"181",10,"K.J. Osborn",MIN,"WR66","13","3 out of 5 stars","-39"
"182",10,"Alec Pierce",IND,"WR67","11","4 out of 5 stars","-7"
"183",10,"Trey McBride",ARI,"TE23","14","2 out of 5 stars","+32"
"184",11,"C.J. Stroud",HOU,"QB25","7","3 out of 5 stars","-16"
"185",11,"Hunter Henry",NE,"TE24","11","2 out of 5 stars","+21"
"186",11,"Zamir White",LV,"RB60","13","3 out of 5 stars","+57"
"187",11,"Daniel Carlson",LV,"K3","13","2 out of 5 stars","-"
"188",11,"Curtis Samuel",WAS,"WR68","14","3 out of 5 stars","+8"
"189",11,"Evan McPherson",CIN,"K4","7","0 out of 5 stars","-"
"190",11,"Marquez Valdes-Scantling",KC,"WR69","10","2 out of 5 stars","+7"
"191",11,"Jimmy Garoppolo",LV,"QB26","13","4 out of 5 stars","-27"
"192",11,"Harrison Butker",KC,"K5","10","5 out of 5 stars","-"
"193",11,"Mac Jones",NE,"QB27","11","2 out of 5 stars","-13"
"194",11,"Brock Purdy",SF,"QB28","9","3 out of 5 stars","-11"
"195",11,"Noah Fant",SEA,"TE25","5","2 out of 5 stars","+13"
"196",11,"Michael Carter",NYJ,"RB61","7","3 out of 5 stars","+15"
"197",11,"Van Jefferson",LAR,"WR70","10","3 out of 5 stars","+13"
"198",11,"Hunter Renfrow",LV,"WR71","13","2 out of 5 stars","+2"
"199",11,"Wan'Dale Robinson",NYG,"WR72","13","3 out of 5 stars","-20"
"200",11,"Chase Claypool",CHI,"WR73","13","3 out of 5 stars","+13"
"201",11,"Ryan Tannehill",TEN,"QB29","7","4 out of 5 stars","+4"
"202",11,"Sam Howell",WAS,"QB30","14","1 out of 5 stars","-20"
"203",11,"Joshua Kelley",LAC,"RB62","5","3 out of 5 stars","+24"
"204",11,"Kansas City Chiefs",KC,"DST9","10","2 out of 5 stars","+5"
"205",11,"Darius Slayton",NYG,"WR74","13","3 out of 5 stars","+45"
"206",11,"Isaiah Hodgins",NYG,"WR75","13","3 out of 5 stars","+18"
"207",11,"New Orleans Saints",NO,"DST10","11","4 out of 5 stars","+22"
"208",11,"Sam LaPorta",DET,"TE26","9","3 out of 5 stars","-35"
"209",11,"Leonard Fournette",FA,"RB63","-","-","-53"
"210",11,"Hayden Hurst",CAR,"TE27","7","3 out of 5 stars","-25"
"211",11,"Pierre Strong Jr.",NE,"RB64","11","2 out of 5 stars","+31"
"212",11,"Pittsburgh Steelers",PIT,"DST11","6","4 out of 5 stars","-10"
"213",11,"Cincinnati Bengals",CIN,"DST12","7","4 out of 5 stars","+13"
"214",11,"Jelani Woods",IND,"TE28","11","3 out of 5 stars","+32"
"215",11,"Zach Ertz",ARI,"TE29","14","2 out of 5 stars","-20"
"216",11,"John Metchie III",HOU,"WR76","7","4 out of 5 stars","0"
"217",11,"Chase Edmonds",TB,"RB65","5","3 out of 5 stars","+59"
"218",11,"Tampa Bay Buccaneers",TB,"DST13","5","4 out of 5 stars","+27"
"219",11,"Miami Dolphins",MIA,"DST14","10","3 out of 5 stars","-12"
"220",11,"Mecole Hardman Jr.",NYJ,"WR77","7","3 out of 5 stars","+11"
"221",11,"Younghoe Koo",ATL,"K6","11","4 out of 5 stars","-"
"222",11,"DeVante Parker",NE,"WR78","11","2 out of 5 stars","+43"
"223",11,"Joshua Palmer",LAC,"WR79","5","3 out of 5 stars","-11"
"224",11,"Tyquan Thornton",NE,"WR80","11","2 out of 5 stars","+8"
"225",11,"Jonathan Mingo",CAR,"WR81","7","4 out of 5 stars","-47"
"226",11,"Allen Robinson II",PIT,"WR82","6","3 out of 5 stars","-4"
"227",11,"Kareem Hunt",FA,"RB66","-","-","-72"
"228",11,"Jason Sanders",MIA,"K7","10","2 out of 5 stars","-"
"229",11,"Parris Campbell",NYG,"WR83","13","3 out of 5 stars","-31"
"230",11,"Desmond Ridder",ATL,"QB31","11","4 out of 5 stars","-36"
"231",12,"Isaiah Likely",BAL,"TE30","13","4 out of 5 stars","-3"
"232",12,"Brandon McManus",JAX,"K8","9","2 out of 5 stars","-"
"233",12,"Los Angeles Chargers",LAC,"DST15","5","2 out of 5 stars","+3"
"234",12,"Cleveland Browns",CLE,"DST16","5","5 out of 5 stars","+3"
"235",12,"Jalin Hyatt",NYG,"WR84","13","3 out of 5 stars","-61"
"236",12,"Green Bay Packers",GB,"DST17","6","2 out of 5 stars","+19"
"237",12,"Terrace Marshall Jr.",CAR,"WR85","7","4 out of 5 stars","+27"
"238",12,"Tim Patrick",DEN,"WR86","9","2 out of 5 stars","0"
"239",12,"Washington Commanders",WAS,"DST18","14","3 out of 5 stars","+2"
"240",12,"Matt Gay",IND,"K9","11","4 out of 5 stars","-"
"241",12,"Jake Elliott",PHI,"K10","10","2 out of 5 stars","-"
"242",12,"Tyjae Spears",TEN,"RB67","7","4 out of 5 stars","-71"
"243",12,"Indianapolis Colts",IND,"DST19","11","3 out of 5 stars","-20"
"244",12,"Michael Mayer",LV,"TE31","13","5 out of 5 stars","-72"
"245",12,"Jason Myers",SEA,"K11","5","2 out of 5 stars","-"
"246",12,"Robert Woods",HOU,"WR87","7","4 out of 5 stars","-2"
"247",12,"Zach Evans",LAR,"RB68","10","3 out of 5 stars","-43"
"248",12,"Josh Downs",IND,"WR88","11","4 out of 5 stars","-29"
"249",12,"Corey Davis",NYJ,"WR89","7","3 out of 5 stars","+39"
"250",12,"Nick Folk",NE,"K12","11","2 out of 5 stars","-"
"251",12,"Isaiah Spiller",LAC,"RB69","5","3 out of 5 stars","+28"
"252",12,"Rashee Rice",KC,"WR90","10","2 out of 5 stars","-64"
"253",12,"Jayden Reed",GB,"WR91","6","3 out of 5 stars","-39"
"254",12,"Graham Gano",NYG,"K13","13","0 out of 5 stars","-"
"255",12,"Jacksonville Jaguars",JAX,"DST20","9","5 out of 5 stars","-56"
"256",12,"Israel Abanikanda",NYJ,"RB70","7","3 out of 5 stars","-21"
"257",12,"Chase Brown",CIN,"RB71","7","3 out of 5 stars","-68"
"258",12,"Los Angeles Rams",LAR,"DST21","10","3 out of 5 stars","+15"
"259",12,"Greg Joseph",MIN,"K14","13","1 out of 5 stars","-"
"260",12,"Russell Gage",TB,"WR92","5","4 out of 5 stars","+49"
"261",12,"Greg Zuerlein",NYJ,"K15","7","4 out of 5 stars","-"
"262",12,"Logan Thomas",WAS,"TE32","14","3 out of 5 stars","-6"
"263",12,"Zack Moss",IND,"RB72","11","3 out of 5 stars","-12"
"264",12,"Matt Prater",ARI,"K16","14","2 out of 5 stars","-"
"265",12,"Carolina Panthers",CAR,"DST22","7","3 out of 5 stars","+2"
"266",12,"Baker Mayfield",TB,"QB32","5","3 out of 5 stars","-49"
"267",12,"Wil Lutz",NO,"K17","11","5 out of 5 stars","-"
"268",12,"Kyren Williams",LAR,"RB73","10","3 out of 5 stars","+4"
"269",12,"Boston Scott",PHI,"RB74","10","1 out of 5 stars","-"
"270",12,"Cade Otton",TB,"TE33","5","2 out of 5 stars","-21"
"271",12,"Khalil Shakir",BUF,"WR93","13","2 out of 5 stars","-23"
"272",12,"D'Ernest Johnson",JAX,"RB75","9","2 out of 5 stars","+20"
"273",12,"Trey Lance",SF,"QB33","9","3 out of 5 stars","-82"
"274",12,"Marvin Mims Jr.",DEN,"WR94","9","2 out of 5 stars","-56"
"275",13,"Marvin Jones Jr.",DET,"WR95","9","3 out of 5 stars","-15"
"276",13,"Seattle Seahawks",SEA,"DST23","5","2 out of 5 stars","-46"
"277",13,"Dustin Hopkins",LAC,"K18","5","4 out of 5 stars","-"
"278",13,"Zonovan Knight",NYJ,"RB76","7","3 out of 5 stars","+22"
"279",13,"Josh Reynolds",DET,"WR96","9","3 out of 5 stars","+4"
"280",13,"Chris Boswell",PIT,"K19","6","4 out of 5 stars","-"
"281",13,"New York Giants",NYG,"DST24","13","3 out of 5 stars","-18"
"282",13,"Sterling Shepard",NYG,"WR97","13","3 out of 5 stars","-35"
"283",13,"Mack Hollins",ATL,"WR98","11","4 out of 5 stars","+12"
"284",13,"Tennessee Titans",TEN,"DST25","7","5 out of 5 stars","-7"
"285",13,"Kendrick Bourne",NE,"WR99","11","2 out of 5 stars","-"
"286",13,"Daniel Bellinger",NYG,"TE34","13","1 out of 5 stars","-46"
"287",13,"Richie James Jr.",KC,"WR100","10","2 out of 5 stars","-30"
"288",13,"Isaiah McKenzie",IND,"WR101","11","4 out of 5 stars","-"
"289",13,"Ronald Jones II",DAL,"RB77","7","3 out of 5 stars","+9"
"290",13,"James Robinson",FA,"RB78","-","-","-24"
"291",13,"DeWayne McBride",MIN,"RB79","13","5 out of 5 stars","-21"
"292",13,"Ka'imi Fairbairn",HOU,"K20","7","5 out of 5 stars","-"
"293",13,"Riley Patterson",DET,"K21","9","1 out of 5 stars","-"
"294",13,"Cairo Santos",CHI,"K22","13","5 out of 5 stars","-"
"295",13,"Jordan Mason",SF,"RB80","9","4 out of 5 stars","-"
"296",13,"Detroit Lions",DET,"DST26","9","3 out of 5 stars","-35"
"297",13,"Luke Musgrave",GB,"TE35","6","4 out of 5 stars","-64"
"298",13,"Austin Hooper",LV,"TE36","13","5 out of 5 stars","-8"
"299",13,"Nyheim Hines",BUF,"RB81","13","2 out of 5 stars","-2"
"300",13,"Tyler Conklin",NYJ,"TE37","7","3 out of 5 stars","-79"
"301",13,"Matt Breida",NYG,"RB82","13","2 out of 5 stars","-39"
"302",13,"Minnesota Vikings",MIN,"DST27","13","2 out of 5 stars","-17"
"303",13,"Ty Chandler",MIN,"RB83","13","5 out of 5 stars","-28"
"304",13,"Latavius Murray",BUF,"RB84","13","2 out of 5 stars","-36"
"305",13,"JaMycal Hasty",JAX,"RB85","9","2 out of 5 stars","+26"
"306",13,"Kayshon Boutte",NE,"WR102","11","2 out of 5 stars","-26"
"307",13,"Laviska Shenault Jr.",CAR,"WR103","7","4 out of 5 stars","-"
"308",13,"Robbie Gould",FA,"K23","-","-","-"
"309",13,"Arizona Cardinals",ARI,"DST28","14","4 out of 5 stars","+2"
"310",13,"Tyrion Davis-Price",SF,"RB86","9","4 out of 5 stars","-"
"311",13,"Devin Duvernay",BAL,"WR104","13","3 out of 5 stars","-"
"312",13,"Quez Watkins",PHI,"WR105","10","3 out of 5 stars","+11"
"313",13,"KJ Hamler",DEN,"WR106","9","2 out of 5 stars","-"
"314",13,"Ryan Succop",FA,"K24","-","-","-"
"315",13,"Jake Moody",SF,"K25","9","2 out of 5 stars","-"
"316",13,"Nick Westbrook-Ikhine",TEN,"WR107","7","3 out of 5 stars","-"
"317",13,"Jake Ferguson",DAL,"TE38","7","3 out of 5 stars","-63"
"318",13,"Michael Badgley",DET,"K26","9","1 out of 5 stars","-"
"319",13,"Malik Davis",DAL,"RB87","7","3 out of 5 stars","-15"
"320",13,"Sean Tucker",TB,"RB88","5","3 out of 5 stars","-68"
"321",13,"Deuce Vaughn",DAL,"RB89","7","3 out of 5 stars","-96"
"322",13,"Cedric Tillman",CLE,"WR108","5","3 out of 5 stars","-64"
"323",13,"David Bell",CLE,"WR109","5","3 out of 5 stars","-"
"324",13,"Keaontay Ingram",ARI,"RB90","14","3 out of 5 stars","-71"
"325",13,"Albert Okwuegbunam",DEN,"TE39","9","4 out of 5 stars","-29"
"326",13,"Tank Dell",HOU,"WR110","7","4 out of 5 stars","-87"
"327",13,"Braxton Berrios",MIA,"WR111","10","3 out of 5 stars","-"
"328",13,"Hassan Haskins",TEN,"RB91","7","4 out of 5 stars","-11"
"329",13,"Evan Hull",IND,"RB92","11","3 out of 5 stars","-16"
"330",13,"Robert Tonyan",CHI,"TE40","13","4 out of 5 stars","-14"
"331",13,"Eric Gray",NYG,"RB93","13","2 out of 5 stars","-60"
"332",13,"Puka Nacua",LAR,"WR112","10","3 out of 5 stars","-"
"333",14,"Chris Evans",CIN,"RB94","7","3 out of 5 stars","-"
"334",14,"Brett Maher",FA,"K27","-","-","-"
"335",14,"Jonnu Smith",ATL,"TE41","11","3 out of 5 stars","-"
"336",14,"Jacoby Brissett",WAS,"QB34","14","1 out of 5 stars","-50"
"337",14,"Will Levis",TEN,"QB35","7","4 out of 5 stars","-68"
"338",14,"Nelson Agholor",BAL,"WR113","13","3 out of 5 stars","-"
"339",14,"Luke Schoonmaker",DAL,"TE42","7","3 out of 5 stars","-52"
"340",14,"Mason Crosby",FA,"K28","-","-","-"
"341",14,"Cade York",CLE,"K29","5","3 out of 5 stars","-"
"342",14,"Eno Benjamin",NO,"RB95","11","4 out of 5 stars","-"
"343",14,"Rodrigo Blankenship",TB,"K30","5","2 out of 5 stars","-"
"344",14,"Justyn Ross",KC,"WR114","10","2 out of 5 stars","-55"
"345",14,"Greg Dortch",ARI,"WR115","14","3 out of 5 stars","-63"
"346",14,"Kyle Philips",TEN,"WR116","7","3 out of 5 stars","-38"
"347",14,"Chosen Anderson",MIA,"WR117","10","3 out of 5 stars","-"
"348",14,"DeeJay Dallas",SEA,"RB96","5","2 out of 5 stars","-"
"349",14,"Julio Jones",FA,"WR118","-","-","-"
"350",14,"Cameron Dicker",LAC,"K31","5","4 out of 5 stars","-"
"351",14,"Salvon Ahmed",MIA,"RB97","10","1 out of 5 stars","-"
"352",14,"Trayveon Williams",CIN,"RB98","7","3 out of 5 stars","-59"
"353",14,"Melvin Gordon III",FA,"RB99","-","-","-43"
"354",14,"Foster Moreau",NO,"TE43","11","5 out of 5 stars","-"
"355",14,"J.D. McKissic",FA,"RB100","-","-","-"
"356",14,"Michael Wilson",ARI,"WR119","14","3 out of 5 stars","-62"
"357",14,"Tristan Vizcaino",DAL,"K32","7","3 out of 5 stars","-"
"358",14,"Myles Gaskin",MIA,"RB101","10","1 out of 5 stars","-"
"359",14,"Darnell Washington",PIT,"TE44","6","4 out of 5 stars","-35"
"360",14,"Jarvis Landry",FA,"WR120","-","-","-101"
"361",14,"Jamison Crowder",NYG,"WR121","13","3 out of 5 stars","-"
"362",14,"Chicago Bears",CHI,"DST29","13","1 out of 5 stars","-57"
"363",14,"Tutu Atwell",LAR,"WR122","10","3 out of 5 stars","-45"
"364",14,"Houston Texans",HOU,"DST30","7","3 out of 5 stars","-73"
"365",14,"Eddy Pineiro",CAR,"K33","7","3 out of 5 stars","-"
"366",14,"Kenyan Drake",FA,"RB102","-","-","-"
"367",14,"Sam Darnold",SF,"QB36","9","3 out of 5 stars","-66"
"368",14,"Atlanta Falcons",ATL,"DST31","11","5 out of 5 stars","-65"
"369",14,"Darrel Williams",FA,"RB103","-","-","-"
"370",14,"Tucker Kraft",GB,"TE45","6","4 out of 5 stars","-"
"371",14,"Colt McCoy",ARI,"QB37","14","2 out of 5 stars","-"
"372",14,"Will Dissly",SEA,"TE46","5","2 out of 5 stars","-60"
"373",14,"Adam Trautman",DEN,"TE47","9","4 out of 5 stars","-"
"374",14,"Noah Gray",KC,"TE48","10","4 out of 5 stars","-44"
"375",14,"Gardner Minshew II",IND,"QB38","11","4 out of 5 stars","-101"
"376",14,"Chris Rodriguez Jr.",WAS,"RB104","14","3 out of 5 stars","-62"
"377",14,"Dontrell Hilliard",FA,"RB105","-","-","-"
"378",14,"Jameis Winston",NO,"QB39","11","5 out of 5 stars","-"
"379",14,"Xavier Hutchinson",HOU,"WR123","7","4 out of 5 stars","-52"
"380",15,"Kenny McIntosh",SEA,"RB106","5","2 out of 5 stars","-"
"381",15,"Brevin Jordan",HOU,"TE49","7","3 out of 5 stars","-"
"382",15,"Justin Jackson",FA,"RB107","-","-","-"
"383",15,"Deonte Harty",BUF,"WR124","13","2 out of 5 stars","-"
"384",15,"Darrell Henderson Jr.",FA,"RB108","-","-","-"
"385",15,"Ben Skowronek",LAR,"WR125","10","3 out of 5 stars","-"
"386",15,"Jauan Jennings",SF,"WR126","9","3 out of 5 stars","-"
"387",15,"Donald Parham Jr.",LAC,"TE50","5","4 out of 5 stars","-"
"388",15,"Deon Jackson",IND,"RB109","11","3 out of 5 stars","-"
"389",15,"Ke'Shawn Vaughn",TB,"RB110","5","3 out of 5 stars","-"
"390",15,"Kyle Trask",TB,"QB40","5","3 out of 5 stars","-83"
"391",15,"Chase McLaughlin",TB,"K34","5","2 out of 5 stars","-"
"392",15,"Kenny Golladay",FA,"WR127","-","-","-"
"393",15,"Mo Alie-Cox",IND,"TE51","11","3 out of 5 stars","-"
"394",15,"Kevin Harris",NE,"RB111","11","2 out of 5 stars","-"
"395",15,"A.T. Perry",NO,"WR128","11","4 out of 5 stars","-"
"396",15,"Mark Ingram II",FA,"RB112","-","-","-"
"397",15,"Noah Brown",HOU,"WR129","7","4 out of 5 stars","-"
"398",15,"Tyler Scott",CHI,"WR130","13","3 out of 5 stars","-"
"399",15,"Joey Slye",WAS,"K35","14","4 out of 5 stars","-"
"400",15,"Ameer Abdullah",LV,"RB113","13","3 out of 5 stars","-"
"401",15,"Rex Burkhead",FA,"RB114","-","-","-"
"402",15,"Chris Moore",TEN,"WR131","7","3 out of 5 stars","-"
"403",15,"Las Vegas Raiders",LV,"DST32","13","3 out of 5 stars","-83"
"404",15,"Anders Carlson",GB,"K36","6","5 out of 5 stars","-"
"405",15,"Tyler Davis",FA,"K37","-","-","-"
"406",15,"Durham Smythe",MIA,"TE52","10","2 out of 5 stars","-"
"407",15,"Randy Bullock",FA,"K38","-","-","-"
"408",15,"C.J. Uzomah",NYJ,"TE53","7","3 out of 5 stars","-"
"409",15,"Marlon Mack",FA,"RB115","-","-","-"
"410",15,"Harrison Bryant",CLE,"TE54","5","3 out of 5 stars","-"
"411",15,"Ty Montgomery",NE,"RB116","11","2 out of 5 stars","-"
"412",15,"Raheem Blackshear",CAR,"RB117","7","4 out of 5 stars","-"
"413",15,"Marquez Callaway",DEN,"WR132","9","2 out of 5 stars","-"
"414",15,"Ty Johnson",FA,"RB118","-","-","-"
"415",15,"Chad Ryland",NE,"K39","11","2 out of 5 stars","-"
"416",15,"Taylor Heinicke",ATL,"QB41","11","4 out of 5 stars","-"
"417",15,"Olamide Zaccheaus",PHI,"WR133","10","3 out of 5 stars","-"
"418",15,"Jalen Tolbert",DAL,"WR134","7","2 out of 5 stars","-"
"419",15,"Trent Sherfield",BUF,"WR135","13","2 out of 5 stars","-"
"420",15,"Kene Nwangwu",MIN,"RB119","13","5 out of 5 stars","-"
"421",15,"Kalif Raymond",DET,"WR136","9","3 out of 5 stars","-"
"422",15,"Peyton Hendershot",DAL,"TE55","7","3 out of 5 stars","-"
"423",15,"Craig Reynolds",DET,"RB120","9","5 out of 5 stars","-"
"424",15,"Bailey Zappe",NE,"QB42","11","2 out of 5 stars","-118"
"425",15,"Deneric Prince",KC,"RB121","10","4 out of 5 stars","-141"
"426",15,"Cedrick Wilson Jr.",MIA,"WR137","10","3 out of 5 stars","-"
"427",15,"Kylen Granson",IND,"TE56","11","3 out of 5 stars","-"
"428",15,"Carson Wentz",FA,"QB43","-","-","-"
"429",15,"Jordan Akins",CLE,"TE57","5","3 out of 5 stars","-"
"430",15,"Cole Turner",WAS,"TE58","14","3 out of 5 stars","-"
"431",15,"Corey Clement",ARI,"RB122","14","3 out of 5 stars","-"
"432",15,"Randall Cobb",NYJ,"WR138","7","3 out of 5 stars","-117"
"433",15,"Parker Washington",JAX,"WR139","9","4 out of 5 stars","-"
"434",15,"O.J. Howard",LV,"TE59","13","5 out of 5 stars","-"
"435",15,"Brock Wright",DET,"TE60","9","3 out of 5 stars","-"
"436",15,"Sony Michel",LAR,"RB123","10","3 out of 5 stars","-155"
"437",15,"Trey Sermon",PHI,"RB124","10","1 out of 5 stars","-112"
"438",15,"Dyami Brown",WAS,"WR140","14","3 out of 5 stars","-"
"439",15,"Brandon Bolden",LV,"RB125","13","3 out of 5 stars","-"
"440",15,"Trey Palmer",TB,"WR141","5","4 out of 5 stars","-"
"441",15,"Elliott Fry",DEN,"K40","9","2 out of 5 stars","-"
"442",15,"Zane Gonzalez",SF,"K41","9","2 out of 5 stars","-"
"443",15,"Mike White",MIA,"QB44","10","2 out of 5 stars","-165"
"444",15,"Keaton Mitchell",BAL,"RB126","13","3 out of 5 stars","-"
"445",15,"Jalen Guyton",LAC,"WR142","5","3 out of 5 stars","-"
"446",15,"Tanner Brown",LAR,"K42","10","0 out of 5 stars","-"
"447",15,"Elijah Higgins",MIA,"TE61","10","2 out of 5 stars","-"
"448",15,"Justin Watson",KC,"WR143","10","2 out of 5 stars","-"
"449",15,"Tony Jones Jr.",DEN,"RB127","9","4 out of 5 stars","-"
"450",15,"Samori Toure",GB,"WR144","6","3 out of 5 stars","-"
"451",16,"Quintez Cephus",FA,"WR145","9","3 out of 5 stars","-"
"452",16,"Justice Hill",BAL,"RB128","13","3 out of 5 stars","-"
"453",16,"Tre'Quan Smith",NO,"WR146","11","4 out of 5 stars","-"
"454",16,"Hendon Hooker",DET,"QB45","9","4 out of 5 stars","-"
"455",16,"Charlie Jones",CIN,"WR147","7","4 out of 5 stars","-133"
"456",16,"Caleb Shudak",TEN,"K43","7","4 out of 5 stars","-"
"457",16,"Caleb Huntley",ATL,"RB129","11","4 out of 5 stars","-"
"458",16,"Josh Oliver",MIN,"TE62","13","3 out of 5 stars","-125"
"459",16,"Mike Boone",HOU,"RB130","7","3 out of 5 stars","-"
"460",16,"Jalen Reagor",MIN,"WR148","13","3 out of 5 stars","-"
"461",16,"Rico Dowdle",DAL,"RB131","7","3 out of 5 stars","-"
"462",16,"Demetric Felton Jr.",CLE,"RB132","5","3 out of 5 stars","-"
"463",16,"Matt Ryan",FA,"QB46","-","-","-"
"464",16,"Demarcus Robinson",LAR,"WR149","10","3 out of 5 stars","-"
"465",16,"Tiyon Evans",CAR,"RB133","7","4 out of 5 stars","-"
"466",16,"Jamal Agnew",JAX,"WR150","9","4 out of 5 stars","-"
"467",16,"Scott Miller",ATL,"WR151","11","4 out of 5 stars","-"
"468",16,"DeAndre Carter",LV,"WR152","13","2 out of 5 stars","-"
"469",16,"Dan Arnold",PHI,"TE63","10","2 out of 5 stars","-"
"470",16,"Kyle Rudolph",FA,"TE64","-","-","-"
"471",16,"Clayton Tune",ARI,"QB47","14","2 out of 5 stars","-"
"472",16,"Andy Dalton",CAR,"QB48","7","4 out of 5 stars","-146"
"473",16,"Kyle Juszczyk",SF,"RB134","9","4 out of 5 stars","-"
"474",16,"Calvin Austin III",PIT,"WR153","6","3 out of 5 stars","-175"
"475",16,"Gary Brightwell",NYG,"RB135","13","2 out of 5 stars","-"
"476",16,"Travis Homer",CHI,"RB136","13","5 out of 5 stars","-142"
"477",16,"Jeremy Ruckert",NYJ,"TE65","7","3 out of 5 stars","-"
"478",16,"Brian Hoyer",LV,"QB49","13","4 out of 5 stars","-"
"479",16,"Velus Jones Jr.",CHI,"WR154","13","3 out of 5 stars","-"
"480",16,"Brenton Strange",JAX,"TE66","9","2 out of 5 stars","-"
"481",16,"Tyler Huntley",BAL,"QB50","13","3 out of 5 stars","-160"
"482",16,"Zack Kuntz",NYJ,"TE67","7","3 out of 5 stars","-"
"483",16,"Tre Tucker",LV,"WR155","13","2 out of 5 stars","-"
"484",16,"Jarrett Stidham",DEN,"QB51","9","4 out of 5 stars","-"
"485",16,"Ashton Dulin",IND,"WR156","11","4 out of 5 stars","-"
"486",16,"Tommy Tremble",CAR,"TE68","7","3 out of 5 stars","-"
"487",16,"Trestan Ebner",CHI,"RB137","13","5 out of 5 stars","-"
"488",16,"Mohamed Ibrahim",DET,"RB138","9","5 out of 5 stars","-"
"489",16,"Andrei Iosivas",CIN,"WR157","7","4 out of 5 stars","-"
"490",16,"Anthony McFarland Jr.",PIT,"RB139","6","3 out of 5 stars","-"
"491",16,"Marquise Goodwin",CLE,"WR158","5","3 out of 5 stars","-"
"492",16,"Zach Wilson",NYJ,"QB52","7","2 out of 5 stars","-160"
"493",16,"Teagan Quitoriano",HOU,"TE69","7","3 out of 5 stars","-"
"494",16,"Shi Smith",CAR,"WR159","7","4 out of 5 stars","-"
"495",16,"Mike Davis",FA,"RB140","-","-","-"
"496",16,"Josiah Deguara",GB,"TE70","6","4 out of 5 stars","-"
"497",16,"James Mitchell",DET,"TE71","9","3 out of 5 stars","-"
"498",16,"Colby Parkinson",SEA,"TE72","5","2 out of 5 stars","-179"
"499",16,"John Bates",WAS,"TE73","14","3 out of 5 stars","-"
"500",16,"Dontayvion Wicks",GB,"WR160","6","3 out of 5 stars","-"
"501",16,"Trenton Irwin",CIN,"WR161","7","4 out of 5 stars","-"
"502",16,"Equanimeous St. Brown",CHI,"WR162","13","3 out of 5 stars","-"
"503",16,"Jalen Nailor",MIN,"WR163","13","3 out of 5 stars","-"
"504",16,"Cameron Latu",SF,"TE74","9","3 out of 5 stars","-"
"505",16,"Malik Willis",TEN,"QB53","7","4 out of 5 stars","-"
"506",16,"Zach Pascal",ARI,"WR164","14","3 out of 5 stars","-"
"507",16,"Dee Eskridge",SEA,"WR165","5","3 out of 5 stars","-"
"508",16,"Nick Mullens",MIN,"QB54","13","4 out of 5 stars","-"